{
  "basis_file": "kernel_basis.json",
  "integrals": {
    "B0": 5.25294011951335,
    "BPhi": 2.832830123570485,
    "Bphi": -6.912419069297308
  },
  "model": "A",
  "params": {
    "k0": 1.0,
    "c1Phi": 0.12,
    "c1phi": 0.0,
    "c2Phi": 0.0,
    "c2phi": 0.0,
    "c3Phi": 0.1,
    "c3phi": 0.0,
    "b1": 0.2,
    "b2": 0.1,
    "b3": 0.3,
    "m0": 1.0,
    "yPhi": 0.1,
    "yphi": 0.1,
    "mu": 1.0
  },
  "derived_weights": {
    "w1_over_w2": 1.0647141614208904,
    "w2": 1.0,
    "w3_over_w2": 1.0539284678507421
  }
}