{
  "window": {
    "R_peak": 5.866598428663785,
    "FWHM": 1.7511302611877524,
    "shell_mult": 3.0,
    "rmin": 3.2399030368821564,
    "rmax": 8.493293820445414
  },
  "baselines": {
    "Phi_FV": 3.3454331366462476e-05,
    "phi_FV": -1.2960126765947668,
    "Phi_TV": 1.8543130598235544,
    "phi_TV": -0.0045115113214251636,
    "used": "FV",
    "vPhi2": 1.1191922871770751e-09,
    "vphi2": 1.6796488578943316
  },
  "integrals": {
    "B0": 5.25294011951335,
    "BPhi": 2.832830123570485,
    "Bphi": -6.912419069297308
  }
}